,Team_1,Team_2,League_Rank_1,League_Rank_2,Games_played_1,Games_played_2,Points_1,Points_2,Won_1,Draw_1,Lost_1,Won_2,Draw_2,Lost_2,Goals_Scored_1,Goals_Scored_2,Goals_Rec_1,Goal_Rec_2,Goals_Diff_1,Goals_Diff_2,League_type_country,Large_Diff_win,Won_out_of_6,Avrage_FT_Goal,Average_HT_Goal,Results_1,Results_2,H2H_Side,H2H_Outcome,H2H_Goals_Home,H2H_Goals_Away
7,juventus,chievo,1,20,19,19,53,8,17,2,0,1,8,10,38,14,11,35,27,-21,italy,0,6,3.16,1.0,3,0,A,W,3,2
15,napoli,lazio,2,5,19,19,44,32,14,2,3,9,5,5,37,28,17,21,20,7,italy,0,4,3.33,1.33,2,1,A,W,2,1
16,inter,sassuolo,3,12,19,19,39,25,12,3,4,6,7,6,31,30,14,32,17,-2,italy,0,5,2.16,1.33,0,0,A,L,0,1
31,as roma,torino,6,9,19,19,30,27,8,6,5,6,9,4,34,24,24,19,10,5,italy,0,4,2.83,0.66,3,2,A,W,1,0
46,ac milan,napoli,4,2,20,20,34,47,9,7,4,15,2,3,28,39,20,18,8,21,italy,0,0,3.16,1.5,0,0,A,L,2,3
60,genoa,ac milan,14,7,19,19,20,31,5,5,9,8,7,4,25,26,35,20,-10,6,italy,0,0,1.83,0.66,0,2,A,L,1,2
76,palermo,salernitana,1,11,18,18,37,24,10,7,1,6,6,6,31,21,13,24,18,-3,italy,0,0,1.66,0.66,1,2,A,D,0,0
80,sampdoria,udinese,8,15,20,20,30,18,8,6,6,4,6,10,35,17,26,25,9,-8,italy,0,0,2.0,0.66,4,0,A,L,0,1
82,frosinone,atalanta,19,8,19,19,10,28,1,7,11,8,4,7,12,39,37,27,-25,12,italy,4,0,1.4,0.4,0,5,A,L,0,4
87,sassuolo,cagliari,12,13,20,20,26,21,6,8,6,4,9,7,30,19,32,27,-2,-8,italy,0,0,3.5,1.66,3,0,A,D,2,2
91,fiorentina,sampdoria,11,7,19,19,26,29,6,8,5,8,5,6,25,32,18,23,7,9,italy,0,0,3.33,1.33,3,3,A,D,1,1
97,cagliari,empoli,13,17,19,19,20,16,4,8,7,4,4,11,17,22,25,37,-8,-15,italy,0,0,2.83,1.83,2,2,A,L,0,2
99,spal,bologna,16,18,19,19,17,13,4,5,10,2,7,10,15,15,27,29,-12,-14,italy,0,0,1.66,0.33,1,1,A,W,1,0
139,udinese,parma,15,11,19,19,18,25,4,6,9,7,4,8,16,17,23,23,-7,-6,italy,0,0,3.16,1.5,1,2,A,D,2,2
158,spezia,venezia,9,13,18,18,26,21,7,5,6,5,6,7,25,17,20,19,5,-2,italy,0,0,1.0,0.66,1,1,A,L,0,1
201,novara,arzachena,7,19,21,22,32,14,7,11,3,5,0,17,28,14,17,40,11,-26,italy,0,0,2.0,0.0,2,0,H,W,2,0
219,cremonese,palermo,12,1,19,19,23,37,5,8,6,10,7,2,20,32,18,15,2,17,italy,0,0,3.2,1.4,2,0,A,D,2,2
223,padova,verona,19,5,18,18,12,30,2,6,10,8,6,4,18,26,31,19,-13,7,italy,0,0,2.0,1.16,3,0,A,D,1,1
229,perugia,brescia,10,2,18,18,26,32,7,5,6,8,8,2,25,35,26,24,-1,11,italy,0,0,3.0,1.16,0,2,A,D,1,1
231,carpi,foggia,15,17,18,18,17,13,4,5,9,5,6,7,18,26,31,31,-13,-5,italy,0,0,4.2,1.4,0,2,A,L,2,4
233,lecce,benevento,4,6,18,18,30,29,8,6,4,8,5,5,30,27,23,21,7,6,italy,0,4,3.0,1.16,1,1,A,D,3,3
273,salernitana,lecce,10,3,20,20,27,34,7,6,7,9,7,4,23,33,27,24,-4,9,italy,0,0,3.0,1.0,1,2,A,D,2,2
275,cittadella,carpi,6,17,20,20,30,17,7,9,4,4,5,11,23,19,18,36,5,-17,italy,0,0,2.33,1.5,3,1,A,W,1,0
281,sicula leonzio,trapani,12,2,20,20,23,40,6,5,9,12,5,3,16,33,22,15,-6,18,italy,3,0,1.33,0.33,0,0,A,L,0,3
282,catania,matera,4,18,19,20,37,11,11,4,4,4,4,12,29,15,14,40,15,-25,italy,0,0,2.0,0.5,0,2,A,W,2,0
283,albinoleffe,gubbio,19,13,21,21,18,24,2,12,7,5,9,7,12,18,17,18,-5,0,italy,0,0,2.16,0.66,1,2,A,D,0,0
314,ascoli,perugia,12,8,20,20,25,29,6,7,7,8,5,7,20,28,25,28,-5,0,italy,0,0,2.16,0.83,0,3,A,L,0,2
318,reggina,viterbese castrense,5,16,21,15,34,16,10,4,7,4,4,7,28,15,23,21,5,-6,italy,0,0,3.0,1.5,3,1,H,W,3,1
319,potenza,juve stabia,10,1,21,21,27,50,6,9,6,15,6,0,23,46,23,9,0,37,italy,4,0,2.0,0.6,0,0,A,L,0,4
320,carrarese,lucchese,2,15,21,20,37,18,11,4,6,5,11,4,46,30,28,25,18,5,italy,0,0,4.0,1.83,3,1,A,D,2,2
321,feralpisalo,ternana,12,5,22,20,29,31,7,8,7,8,7,5,23,29,24,19,-1,10,italy,0,0,3.5,2.0,3,2,H,W,3,2
323,ravenna,triestina,5,2,21,21,31,35,8,7,6,10,6,5,22,27,21,16,1,11,italy,3,0,4.4,2.2,2,2,A,L,0,3
365,casertana,bisceglie,7,17,21,21,32,15,8,8,5,3,6,12,27,9,19,28,8,-19,italy,3,0,2.5,1.25,3,0,H,W,3,0
367,arezzo,pisa,4,7,21,20,34,31,8,10,3,8,7,5,25,23,17,20,8,3,italy,0,0,2.0,1.16,1,0,A,D,0,0
368,teramo,imolese,14,3,22,22,23,35,5,8,9,8,11,3,20,29,27,17,-7,12,italy,0,0,2.0,1.0,0,2,H,L,0,2
371,siracusa,catania,16,3,18,18,15,37,4,4,10,11,4,3,16,28,24,12,-8,16,italy,0,0,2.0,0.4,2,1,A,L,1,2
413,fermana,renate,4,17,22,22,35,22,10,5,7,5,7,10,15,14,16,20,-1,-6,italy,0,0,2.33,0.33,1,1,A,W,1,0
420,rende,monopoli,8,6,21,20,31,33,10,2,9,9,8,3,29,24,28,15,1,9,italy,0,0,2.25,0.75,2,4,H,L,2,4
421,renate,monza,17,10,21,21,21,29,5,6,10,7,8,6,14,18,20,18,-6,0,italy,0,0,2.66,0.83,0,0,A,L,0,1
422,casertana,rieti,9,14,19,19,26,19,6,8,5,6,1,12,22,20,18,30,4,-10,italy,0,0,3.0,1.0,2,1,H,W,2,1
427,pordenone,albinoleffe,1,19,20,20,40,18,11,7,2,2,12,6,30,12,18,16,12,-4,italy,0,-4,1.33,1.16,1,0,A,W,2,1
428,sudtirol,ravenna,10,5,20,20,27,30,6,9,5,8,6,6,18,21,16,20,2,1,italy,0,0,1.83,1.33,1,1,A,W,1,0
468,atalanta,fiorentina,7,3,11,11,14,25,4,2,5,8,1,2,13,38,15,10,-2,28,italy,0,-4,1.83,0.5,0,6,A,L,0,2
478,ternana,vis pesaro,11,5,21,23,30,33,8,6,7,8,9,6,29,21,21,16,8,5,italy,0,0,1.0,0.5,0,2,H,L,0,2
500,vibonese,catanzaro,9,3,20,19,29,37,8,5,7,11,4,4,20,32,18,13,2,19,italy,0,0,2.66,1.16,0,0,A,L,0,2
501,paganese,siracusa,19,15,19,19,8,18,1,5,13,5,4,10,19,18,46,25,-27,-7,italy,0,0,3.2,0.6,1,1,A,L,1,3
502,fano,sudtirol,15,11,21,21,23,28,5,8,8,6,10,5,12,19,17,17,-5,2,italy,0,0,1.0,0.6,0,3,A,D,0,0
511,bisceglie,reggina,17,8,19,19,15,28,3,6,10,8,4,7,9,24,24,22,-15,2,italy,0,0,1.33,1.0,0,1,A,L,0,1
512,pro patria,olbia,9,16,21,20,28,17,7,7,7,3,8,9,21,18,23,29,-2,-11,italy,0,0,4.0,2.0,3,2,H,W,3,2
515,lucchese,pistoiese,15,16,20,19,18,17,5,11,4,4,5,10,30,21,25,26,5,-5,italy,0,0,2.83,1.5,1,0,H,W,1,0
522,fermana,feralpisalo,4,9,20,20,31,28,9,4,7,7,7,6,13,21,15,21,-2,0,italy,0,0,1.66,0.33,1,0,A,D,0,0
605,inter,ac milan,3,11,8,7,16,12,5,1,2,3,3,1,12,15,6,10,6,5,italy,0,-4,2.83,0.83,1,0,A,D,0,0
609,parma,lazio,9,4,8,8,13,15,4,1,3,5,0,3,10,11,9,9,1,2,italy,4,4,2.83,1.5,0,2,A,L,0,4
611,juventus,genoa,1,12,8,7,24,12,8,0,0,4,0,3,18,12,5,14,13,-2,italy,0,5,3.0,2.16,1,1,H,W,1,0
613,napoli,as roma,2,7,9,9,21,14,7,0,2,4,2,3,18,16,10,12,8,4,italy,0,0,2.5,1.0,1,1,H,L,2,4
615,lazio,inter,4,3,9,9,18,19,6,0,3,6,1,2,13,13,9,6,4,7,italy,0,0,2.83,1.33,0,3,H,L,2,3
616,sampdoria,sassuolo,6,8,8,8,14,13,4,2,2,4,1,3,12,15,4,14,8,1,italy,0,4,2.33,0.66,0,0,A,L,0,1
617,udinese,napoli,15,2,8,8,8,18,2,2,4,6,0,2,8,15,10,10,-2,5,italy,0,5,3.0,1.0,0,3,A,L,2,4
618,ac milan,genoa,7,11,9,9,15,14,4,3,2,4,2,3,18,15,13,17,5,-2,italy,0,0,1.5,0.66,2,1,A,W,1,0
622,empoli,juventus,18,1,9,9,6,25,1,3,5,8,1,0,8,19,13,6,-5,13,italy,0,6,2.33,0.83,1,2,A,L,0,2
624,fiorentina,cagliari,7,14,8,8,13,9,4,1,3,2,3,3,14,6,6,9,8,-3,italy,0,4,3.16,1.33,1,1,H,L,0,1
630,ac milan,sampdoria,13,6,8,9,12,15,3,3,2,4,3,2,15,12,11,4,4,8,italy,0,4,1.5,0.33,3,2,H,W,2,0
635,atalanta,parma,15,10,9,9,9,13,2,3,4,4,1,4,14,10,12,11,2,-1,italy,0,0,2.83,1.83,3,0,A,D,0,0
640,chievo,atalanta,20,17,8,8,-1,6,0,2,6,1,3,4,6,9,19,11,-13,-2,italy,0,4,1.83,0.5,1,5,A,L,0,1
655,spal,frosinone,14,19,9,9,12,2,4,0,5,0,2,7,8,6,10,24,-2,-18,italy,0,0,2.5,1.5,0,3,H,L,0,2
656,sassuolo,bologna,8,18,9,9,14,8,4,2,3,2,2,5,15,6,14,12,1,-6,italy,0,4,1.66,0.5,2,2,A,L,1,2
662,bologna,torino,16,12,8,8,7,12,2,1,5,3,3,2,4,9,10,9,-6,0,italy,3,4,2.66,1.16,2,2,A,L,0,3
665,genoa,udinese,10,17,8,9,13,8,4,1,3,2,2,5,13,8,15,13,-2,-5,italy,0,0,2.0,1.0,2,2,H,L,0,1
669,torino,fiorentina,9,6,9,9,13,14,3,4,2,4,2,3,11,15,11,7,0,8,italy,0,0,3.16,1.0,1,1,H,L,1,2
673,sampdoria,spal,14,12,6,6,8,9,2,2,2,3,0,3,9,4,3,6,6,-2,italy,0,0,3.0,0.5,2,1,A,L,1,3
682,cagliari,chievo,15,20,9,9,10,-1,2,4,3,0,2,7,7,7,10,24,-3,-17,italy,0,5,2.16,1.0,2,1,A,L,1,2
686,frosinone,empoli,19,15,9,9,1,8,0,1,8,2,2,5,4,7,23,11,-19,-4,italy,0,0,4.16,1.5,3,3,H,L,2,4
720,carpi,palermo,18,4,8,8,5,15,1,2,5,4,3,1,7,13,14,8,-7,5,italy,4,0,3.0,1.33,0,3,A,L,0,4
731,spezia,pescara,4,1,7,7,12,15,4,0,3,4,3,0,10,11,9,7,1,4,italy,0,0,3.5,1.16,1,3,A,L,2,3
733,lecce,crotone,8,12,9,9,13,11,3,4,2,3,2,4,16,12,12,13,4,-1,italy,0,0,1.8,0.8,1,0,H,L,0,2
734,salernitana,livorno,7,18,9,8,14,5,3,5,1,1,2,5,10,5,9,12,1,-7,italy,0,0,2.2,0.8,3,1,H,W,3,1
736,ascoli,hellas verona,10,3,9,10,12,17,3,3,3,5,2,3,7,12,8,10,-1,2,italy,0,4,2.83,1.16,1,0,H,W,1,0
790,crotone,padova,12,15,7,7,7,6,2,1,4,1,3,3,9,7,11,13,-2,-6,italy,0,0,2.16,1.16,2,1,H,W,2,1
804,padova,pescara,14,2,5,5,5,11,1,2,2,3,2,0,4,7,7,4,-3,3,italy,0,0,3.0,0.66,2,2,H,W,2,1
812,cittadella,foggia,5,17,8,9,14,5,4,2,2,4,1,4,10,16,5,17,5,-1,italy,0,0,3.75,2.0,1,1,H,W,3,1
820,crotone,salernitana,11,8,8,8,10,13,3,1,4,3,4,1,11,9,12,8,-1,1,italy,0,0,2.5,1.16,1,1,A,D,1,1
859,ascoli,carpi,13,16,7,8,7,6,1,4,2,1,3,4,5,7,7,13,-2,-6,italy,0,0,3.25,2.25,1,0,H,W,2,0
904,benevento,cremonese,4,9,7,7,13,11,4,1,2,2,5,0,14,8,10,4,4,4,italy,0,0,2.5,0.5,2,1,H,L,1,3
941,salernitana,perugia,9,13,8,7,11,9,2,5,1,2,3,2,7,6,7,7,0,-1,italy,0,-4,2.66,1.16,2,1,A,D,1,1
945,lecce,palermo,4,6,7,6,12,11,3,3,1,3,2,1,13,10,8,6,5,4,italy,0,0,3.83,2.0,1,2,H,D,1,1
951,cittadella,brescia,2,9,7,8,13,10,4,1,2,2,4,2,9,13,3,12,6,1,italy,0,-4,2.66,2.0,2,2,H,D,2,2
968,arezzo,pontedera,5,8,4,4,8,7,2,2,0,2,1,1,3,4,1,4,2,0,italy,0,0,2.16,0.83,2,0,A,D,0,0
1049,carrarese,olbia,4,9,8,7,13,10,4,1,3,3,1,3,22,10,15,10,7,0,italy,0,0,3.8,1.0,3,4,H,L,3,4
1053,reggina,virtus francavilla,13,15,5,5,7,6,2,1,2,2,0,3,4,5,7,6,-3,-1,italy,0,0,2.0,0.75,0,1,H,D,0,0
1062,venezia,hellas verona,16,3,7,8,5,14,1,2,4,4,2,2,6,10,9,8,-3,2,italy,0,0,1.5,1.16,1,1,H,D,1,1
1091,robur siena,cuneo,16,13,3,5,3,5,0,3,0,1,2,2,1,3,1,7,0,-4,italy,0,0,1.5,1.0,1,1,H,W,1,0
1092,pisa,pro piacenza,6,3,5,4,8,10,2,2,1,3,1,0,3,10,3,4,0,6,italy,0,0,2.5,0.5,3,1,H,W,3,2
1093,olbia,alessandria,10,11,5,5,6,6,2,0,3,1,3,1,6,4,7,5,-1,-1,italy,0,4,4.0,2.0,0,0,H,L,1,3
1096,catanzaro,juve stabia,4,2,5,4,9,12,3,0,2,4,0,0,8,12,3,2,5,10,italy,0,-4,2.16,1.16,0,3,A,D,1,1
1136,ac milan,juventus,4,1,11,11,21,31,6,3,2,10,1,0,21,24,14,8,7,16,italy,4,5,4.16,1.5,0,2,A,L,0,4
1139,genoa,napoli,13,3,11,11,14,25,4,2,5,8,1,2,16,24,24,12,-8,12,italy,0,4,2.0,0.66,1,2,A,L,0,1
1152,napoli,empoli,2,18,11,11,25,6,8,1,2,1,3,7,24,10,12,20,12,-10,italy,4,4,4.83,2.33,5,1,H,W,5,1
1159,juventus,cagliari,1,13,10,10,28,13,9,1,0,3,4,3,21,9,7,11,14,-2,italy,0,5,2.66,1.5,3,1,A,W,1,0
1163,inter,genoa,3,11,10,10,22,14,7,1,2,4,2,4,16,16,6,19,10,-3,italy,0,0,1.33,0.33,5,0,A,L,0,2
1166,juventus,spal,1,14,13,13,35,14,11,2,0,4,2,7,26,11,8,19,18,-8,italy,0,0,2.5,1.5,2,0,A,D,0,0
1170,as roma,sampdoria,6,12,12,12,19,15,5,4,3,4,3,5,19,15,14,12,5,3,italy,0,0,3.33,1.33,4,1,H,L,0,1
1171,atalanta,inter,11,3,11,11,15,25,4,3,4,8,1,2,19,21,13,6,6,15,italy,0,0,2.66,1.5,4,1,H,D,0,0
1172,lazio,spal,5,15,10,10,18,12,6,0,4,4,0,6,13,8,12,13,1,-5,italy,3,0,3.5,3.0,4,1,A,W,5,2
1179,udinese,as roma,18,6,12,12,9,19,2,3,7,5,4,3,11,22,18,15,-7,7,italy,0,6,3.0,1.16,1,0,H,L,0,2
1188,inter,frosinone,3,19,12,12,25,7,8,1,3,1,4,7,22,10,10,25,12,-15,italy,0,0,2.5,0.5,3,0,A,W,1,0
1193,frosinone,fiorentina,19,8,11,11,6,16,1,3,7,4,4,3,9,17,24,9,-15,8,italy,0,0,2.5,2.0,1,1,H,D,0,0
1198,udinese,ac milan,17,4,10,10,9,18,2,3,5,5,3,2,10,20,15,14,-5,6,italy,0,0,2.66,1.66,0,1,H,D,1,1
1200,lazio,ac milan,4,5,12,12,22,21,7,1,4,6,3,3,18,21,14,16,4,5,italy,0,0,3.5,1.16,1,1,H,L,4,5
1201,napoli,chievo,2,20,12,12,28,0,9,1,2,0,3,9,26,10,13,30,13,-20,italy,0,5,2.33,1.16,0,0,H,W,2,1
1209,empoli,atalanta,18,8,12,12,9,18,2,3,7,5,3,4,12,23,21,14,-9,9,italy,0,0,1.5,0.66,3,2,H,L,0,1
1214,fiorentina,as roma,6,8,10,10,15,15,4,3,3,4,3,3,16,17,8,13,8,4,italy,0,4,3.5,2.16,1,1,A,W,2,0
1226,spal,cagliari,15,14,11,11,12,13,4,0,7,3,4,4,9,10,17,14,-8,-4,italy,0,0,3.33,1.66,2,2,A,L,0,2
1248,chievo,bologna,20,16,11,11,-1,9,0,2,9,2,3,6,8,9,28,16,-20,-7,italy,0,0,2.66,0.66,2,2,A,W,2,1
1257,chievo,sassuolo,20,9,11,11,0,16,0,3,8,4,4,3,8,17,26,16,-18,1,italy,0,-4,2.16,1.5,0,2,H,D,1,1
1260,bologna,fiorentina,17,10,12,12,10,17,2,4,6,4,5,3,11,18,18,10,-7,8,italy,0,5,2.0,0.5,0,0,H,L,1,2
1261,parma,sassuolo,6,8,13,13,20,19,6,2,5,5,4,4,14,21,16,19,-2,2,italy,3,0,3.33,1.83,2,1,A,L,1,4
1268,parma,frosinone,12,19,10,10,13,5,4,1,5,1,2,7,10,9,14,24,-4,-15,italy,0,0,3.0,2.0,0,0,H,W,2,0
1272,cagliari,torino,14,11,12,12,14,17,3,5,4,4,5,3,12,17,16,15,-4,2,italy,4,5,3.83,2.33,0,0,H,L,0,4
1275,genoa,sampdoria,14,12,12,12,14,15,4,2,6,4,3,5,17,16,26,15,-9,1,italy,0,4,2.33,1.16,1,1,A,D,0,0
1280,empoli,udinese,19,17,11,11,6,9,1,3,7,2,3,6,10,10,20,16,-10,-6,italy,0,0,2.16,0.83,2,1,H,W,1,0
1284,bologna,atalanta,17,14,10,10,9,12,2,3,5,3,3,4,8,17,14,12,-6,5,italy,0,5,2.33,1.0,1,2,H,L,0,1
1292,hellas verona,palermo,7,1,12,11,18,24,5,3,4,7,3,1,15,21,15,9,0,12,italy,0,0,2.66,1.5,1,1,A,L,2,3
1296,sampdoria,torino,10,6,11,11,15,17,4,3,4,4,5,2,14,13,8,12,6,1,italy,0,-4,2.66,1.5,1,4,H,D,1,1
1321,hellas verona,cremonese,3,10,11,10,18,12,5,3,3,2,6,2,13,10,11,8,2,2,italy,0,0,3.16,1.16,1,1,H,D,1,1
1360,lecce,cremonese,6,12,12,11,19,15,5,4,3,3,6,2,22,11,18,8,4,3,italy,0,0,3.5,2.0,2,0,A,D,1,1
1425,perugia,crotone,10,14,10,11,14,12,4,2,4,3,3,5,14,13,15,15,-1,-2,italy,0,0,1.83,0.33,2,1,A,W,2,1
1429,pescara,lecce,2,5,10,10,19,16,5,4,1,4,4,2,15,17,10,12,5,5,italy,3,0,4.0,3.0,4,2,A,L,1,4
1482,benevento,ascoli,6,11,8,9,16,12,5,1,2,3,3,3,16,7,11,8,5,-1,italy,0,0,1.75,0.75,1,2,A,D,1,1
1555,salernitana,spezia,4,11,11,9,17,13,4,5,2,4,1,4,13,11,11,12,2,-1,italy,3,0,2.33,1.0,1,0,A,L,0,3
1577,crotone,carpi,13,18,11,10,12,6,3,3,5,1,3,6,13,8,15,18,-2,-10,italy,0,0,2.0,1.25,1,1,A,L,1,2
1583,foggia,brescia,17,8,10,9,6,14,4,2,4,3,5,1,17,16,18,12,-1,4,italy,0,0,3.5,1.0,2,2,H,L,1,2
1588,catanzaro,reggina,5,14,11,10,20,11,6,2,3,3,2,5,16,8,7,13,9,-5,italy,0,4,2.0,0.33,1,0,H,L,0,1
1597,pordenone,ternana,1,6,13,11,25,20,7,4,2,5,5,1,19,14,13,5,6,9,italy,0,0,1.5,0.5,1,0,H,W,1,0
1613,pescara,ascoli,2,11,13,12,23,16,6,5,2,4,4,4,20,12,16,13,4,-1,italy,0,0,3.16,1.16,1,1,H,L,0,1
1614,spezia,foggia,9,17,12,12,17,8,5,2,5,4,4,4,14,19,14,20,0,-1,italy,0,0,2.0,1.0,0,0,A,L,1,2
1628,roma-u19,fiorentina-primavera-u20,2,3,9,9,19,18,6,1,2,6,0,3,31,15,13,11,18,4,italy,0,0,2.33,0.0,1,2,H,W,2,1
1656,cittadella,venezia,8,13,10,10,16,12,4,4,2,3,3,4,11,9,6,10,5,-1,italy,0,0,2.33,1.16,3,2,A,L,1,2
1674,cosenza,lecce,16,4,12,12,8,19,1,5,6,5,4,3,10,22,15,18,-5,4,italy,0,4,2.66,0.83,2,3,H,L,2,3
1678,ascoli,padova,10,16,10,11,15,8,4,3,3,1,5,5,9,10,9,18,0,-8,italy,0,0,2.0,1.0,2,3,H,L,0,1
1705,livorno,perugia,19,14,9,9,5,11,1,2,6,3,2,4,6,11,15,13,-9,-2,italy,0,0,2.8,0.8,2,3,H,D,1,1
1721,padova,cittadella,16,7,10,9,7,15,1,4,5,4,3,2,10,11,18,6,-8,5,italy,0,4,3.33,1.16,0,0,H,L,0,1
1756,venezia,brescia,13,7,11,11,12,18,3,3,5,4,6,1,11,22,13,16,-2,6,italy,0,0,3.0,0.5,2,1,H,L,1,2
1758,benevento,perugia,8,9,11,11,17,17,5,2,4,5,2,4,20,16,18,16,2,0,italy,4,0,1.83,0.66,2,1,H,L,0,4
1780,pro vercelli,alessandria,5,10,9,12,18,13,5,3,1,2,7,3,15,10,9,13,6,-3,italy,0,0,2.66,1.0,1,1,H,D,1,1
1803,brescia,hellas verona,9,5,10,11,15,18,3,6,1,5,3,3,18,13,14,11,4,2,italy,0,0,2.83,1.33,4,2,H,L,0,1
1813,cremonese,livorno,12,19,10,10,12,5,2,6,2,1,2,7,10,8,8,18,2,-10,italy,0,0,2.33,1.0,1,0,A,L,0,1
1877,italy-ac-milan-under-19,chievo-verona-primavera-u20,11,12,7,7,7,6,2,1,4,2,0,5,8,6,16,10,-8,-4,italy,0,-6,2.5,0.0,0,2,H,L,0,2
1894,juventus,as roma,1,7,16,16,46,24,15,1,0,6,6,4,33,29,8,22,25,7,italy,0,0,3.0,0.83,1,0,A,D,0,0
1900,juventus,inter,1,3,14,14,40,29,13,1,0,9,2,3,31,27,8,12,23,15,italy,0,0,3.66,0.5,1,0,A,W,3,2
1911,inter,udinese,3,17,15,15,29,13,9,2,4,3,4,8,27,13,13,21,14,-8,italy,4,5,4.33,2.33,1,0,A,W,4,0
1922,juventus,sampdoria,1,5,18,18,50,29,16,2,0,8,5,5,36,31,10,21,26,10,italy,3,5,3.66,1.33,2,1,H,W,3,0
1924,atalanta,juventus,9,1,17,17,24,49,7,3,7,16,1,0,31,34,23,8,8,26,italy,0,4,2.83,1.33,2,2,A,L,0,2
1929,ac milan,torino,4,7,14,14,25,21,7,4,3,5,6,3,24,19,18,16,6,3,italy,0,0,2.5,1.0,0,0,A,D,1,1
1930,lazio,sampdoria,5,10,14,14,24,19,7,3,4,5,4,5,20,21,16,17,4,4,italy,4,4,4.16,2.0,2,2,H,W,4,0
1933,empoli,inter,16,3,18,18,16,36,4,4,10,11,3,4,22,30,36,14,-14,16,italy,0,5,2.5,1.16,0,1,A,L,0,2
1935,frosinone,ac milan,19,5,17,17,9,27,1,6,10,7,6,4,12,24,36,19,-24,5,italy,0,0,6.0,1.5,0,0,A,D,3,3
1943,ac milan,spal,6,15,18,18,28,17,7,7,4,4,5,9,24,14,19,25,5,-11,italy,4,0,3.0,1.0,2,1,A,W,4,0
1945,lazio,torino,4,8,18,18,31,26,9,4,5,6,8,4,27,23,20,18,7,5,italy,0,0,3.0,0.5,1,1,A,W,1,0
1946,cagliari,napoli,13,2,15,15,17,35,3,8,4,11,2,2,15,32,19,14,-4,18,italy,5,5,4.33,2.0,0,1,H,L,0,5
1950,as roma,sassuolo,10,8,17,17,24,25,6,6,5,6,7,4,29,27,23,23,6,4,italy,0,4,2.83,1.66,3,1,A,W,1,0
1951,chievo,inter,20,3,16,16,4,32,0,7,9,10,2,4,12,28,32,13,-20,15,italy,0,5,2.66,0.66,1,1,H,L,1,2
1954,atalanta,napoli,12,3,13,13,18,29,5,3,5,9,2,2,25,26,17,13,8,13,italy,0,0,2.33,0.66,1,2,H,L,0,1
1955,napoli,bologna,2,18,18,18,41,13,13,2,3,2,7,9,34,13,15,26,19,-13,italy,0,5,5.0,2.16,3,2,H,W,3,1
1957,inter,napoli,3,2,17,17,33,41,10,3,4,13,2,2,29,34,14,14,15,20,italy,0,0,1.33,0.83,1,0,H,D,0,0
1959,bologna,lazio,18,4,17,17,13,28,2,7,8,8,4,5,13,25,24,20,-11,5,italy,0,0,2.66,1.83,0,2,A,D,1,1
1962,bologna,ac milan,18,4,15,15,11,26,2,5,8,7,5,3,13,24,24,18,-11,6,italy,0,5,2.0,0.83,0,0,H,L,1,2
1966,cagliari,as roma,13,7,14,14,16,20,3,7,4,5,5,4,13,24,17,18,-4,6,italy,0,5,2.0,0.83,2,2,H,L,0,1
1969,parma,as roma,12,7,18,18,25,27,7,4,7,7,6,5,17,32,21,24,-4,8,italy,0,4,3.33,1.5,0,2,A,D,0,0
1970,sampdoria,chievo,6,20,17,17,26,5,7,5,5,0,8,9,29,13,21,33,8,-20,italy,0,0,2.66,1.83,2,0,A,L,1,2
1975,ac milan,fiorentina,4,10,16,16,27,22,7,6,3,5,7,4,24,24,18,17,6,7,italy,4,0,2.5,1.33,0,1,H,W,5,1
1976,napoli,spal,2,15,16,16,38,16,12,2,2,4,4,8,33,14,14,24,19,-10,italy,0,0,3.0,1.5,1,0,H,W,1,0
1980,napoli,frosinone,2,19,14,14,32,8,10,2,2,1,5,8,28,11,14,29,14,-18,italy,4,4,3.5,0.83,4,0,H,W,4,0
1984,as roma,inter,7,3,13,13,19,28,5,4,4,9,1,3,22,25,16,10,6,15,italy,0,0,2.66,0.83,2,2,A,D,1,1
1985,chievo,lazio,20,4,13,13,1,23,0,4,9,7,2,4,10,19,30,15,-20,4,italy,4,0,3.5,1.5,1,1,A,L,1,5
2003,torino,empoli,11,15,17,17,23,16,5,8,4,4,4,9,20,22,18,33,2,-11,italy,0,0,1.16,0.66,3,0,A,D,1,1
2008,atalanta,lazio,11,5,15,15,21,25,6,3,6,7,4,4,29,22,20,18,9,4,italy,0,0,3.83,2.0,1,0,A,D,1,1
2019,parma,bologna,12,18,16,16,21,12,6,3,7,2,6,8,16,13,21,24,-5,-11,italy,0,0,1.66,0.83,0,0,A,D,1,1
2029,parma,chievo,9,20,14,14,20,2,6,2,6,0,5,9,15,11,18,31,-3,-20,italy,0,0,2.16,0.83,1,1,H,L,0,1
2034,sassuolo,atalanta,11,9,18,18,25,25,6,7,5,7,4,7,28,33,26,25,2,8,italy,0,0,2.83,2.33,2,6,A,L,1,2
2035,chievo,frosinone,20,19,18,18,5,10,0,8,10,1,7,10,13,12,35,36,-22,-24,italy,4,5,3.0,1.2,1,0,H,W,5,1
2037,spal,udinese,16,17,17,17,16,14,4,4,9,3,5,9,14,14,25,23,-11,-9,italy,0,0,2.66,0.66,0,0,A,D,1,1
2048,sampdoria,bologna,12,18,13,13,16,11,4,4,5,2,5,6,17,11,16,18,1,-7,italy,0,0,2.83,1.0,4,1,H,W,1,0
2049,genoa,fiorentina,14,10,18,18,19,25,5,4,9,6,7,5,25,25,35,18,-10,7,italy,0,0,2.16,0.5,0,0,H,L,2,3
2054,udinese,frosinone,17,19,16,16,13,8,3,4,9,1,5,10,13,11,22,35,-9,-24,italy,0,0,2.66,1.33,1,1,H,W,3,2
2055,genoa,atalanta,14,6,16,16,16,24,4,4,8,7,3,6,22,30,33,20,-11,10,italy,0,5,3.33,1.33,3,1,A,L,1,3
2057,fiorentina,empoli,12,14,15,15,19,16,4,7,4,4,4,7,21,19,16,26,5,-7,italy,0,0,3.33,1.33,3,1,H,L,1,2
2061,palermo,livorno,1,19,14,14,29,9,8,5,1,2,3,9,25,11,11,22,14,-11,italy,0,6,2.83,1.0,1,1,H,W,1,0
2071,sassuolo,udinese,7,16,14,14,20,13,5,5,4,3,4,7,21,12,19,18,2,-6,italy,0,0,1.66,1.0,0,0,H,D,0,0
2072,torino,genoa,11,14,13,13,18,15,4,6,3,4,3,6,17,18,15,27,2,-9,italy,0,0,3.0,1.5,2,1,A,W,2,1
2083,sassuolo,fiorentina,9,12,14,14,20,18,5,5,4,4,6,4,21,18,19,13,2,5,italy,0,0,2.83,1.5,3,3,H,W,1,0
2090,ascoli,crotone,11,17,17,17,21,13,5,6,6,3,4,10,17,15,20,26,-3,-11,italy,0,0,2.33,1.16,3,2,A,L,0,2
2091,cittadella,palermo,7,1,17,17,26,34,6,8,3,9,7,1,20,30,16,13,4,17,italy,0,0,2.25,1.0,0,1,H,D,0,0
2092,udinese,cagliari,17,13,18,18,15,20,3,6,9,4,8,6,14,17,23,23,-9,-6,italy,0,4,3.5,1.16,2,0,A,L,1,2
2094,empoli,sampdoria,16,9,16,16,16,23,4,4,8,6,5,5,20,25,29,19,-9,6,italy,0,-4,1.33,0.33,2,4,A,D,0,0
2102,frosinone,sassuolo,19,9,15,15,8,21,1,5,9,5,6,4,11,24,33,22,-22,2,italy,0,5,3.66,2.33,0,2,H,L,0,1
2109,palermo,ascoli,1,11,16,16,31,21,8,7,1,5,6,5,27,17,13,17,14,0,italy,3,0,3.0,1.16,3,0,H,W,4,1
2110,perugia,foggia,8,18,16,16,23,12,6,5,5,5,5,6,22,24,22,26,0,-2,italy,0,0,2.66,0.83,3,0,H,W,2,0
2111,brescia,cremonese,3,13,16,16,28,19,7,7,2,4,7,5,31,14,21,15,10,-1,italy,0,-4,2.83,0.66,3,2,H,D,1,1
2112,cagliari,genoa,14,13,17,17,17,19,3,8,6,5,4,8,16,25,23,34,-7,-9,italy,0,4,3.5,1.0,1,0,A,L,1,2
2114,lecce,padova,3,18,16,15,26,11,7,5,4,2,5,8,26,15,20,26,6,-11,italy,0,0,2.0,0.66,3,2,H,L,0,1
2117,ascoli,brescia,10,2,15,15,20,27,5,5,5,7,6,2,16,30,16,20,0,10,italy,0,-4,1.0,0.5,1,1,H,D,0,0
2125,udinese,atalanta,17,12,14,14,13,18,3,4,7,5,3,6,12,26,18,19,-6,7,italy,0,0,2.66,1.33,1,3,A,L,0,2
2136,livorno,padova,16,19,17,17,14,11,3,5,9,2,5,10,16,17,24,30,-8,-13,italy,4,4,3.33,1.33,1,1,A,L,1,5
2137,benevento,brescia,6,2,17,17,28,31,8,4,5,8,7,2,26,34,20,23,6,11,italy,0,0,2.5,1.0,1,1,A,L,0,1
2138,venezia,carpi,12,15,17,17,20,16,5,5,7,4,4,9,16,17,18,30,-2,-13,italy,0,0,1.0,0.5,1,1,A,D,0,0
2139,salernitana,pescara,10,5,17,17,24,29,6,6,5,8,5,4,19,25,20,21,-1,4,italy,0,-4,2.66,1.0,2,4,A,L,0,1
2140,foggia,verona,18,4,17,17,12,29,5,5,7,8,5,4,24,24,29,17,-5,7,italy,0,0,1.83,1.0,2,2,A,L,1,2
2146,sassuolo,torino,8,11,16,16,24,22,6,6,4,5,7,4,26,19,22,17,4,2,italy,0,0,3.16,1.83,1,1,H,D,1,1
2149,hellas verona,pescara,7,4,14,15,22,26,6,4,4,7,5,3,17,23,16,18,1,5,italy,0,0,2.0,0.66,3,1,A,L,1,3
2151,sampdoria,parma,11,10,15,15,20,21,5,5,5,6,3,6,23,16,19,19,4,-3,italy,0,0,2.33,0.5,2,0,H,D,2,2
2152,spal,chievo,16,20,15,15,15,3,4,3,8,0,6,9,14,12,24,32,-10,-20,italy,0,0,1.5,0.5,0,0,H,D,0,0
2158,genoa,spal,14,15,14,14,15,14,4,3,7,4,2,8,19,13,29,23,-10,-10,italy,0,0,1.5,0.5,1,1,H,D,1,1
2174,cremonese,perugia,13,8,17,17,19,26,4,7,6,7,5,5,16,25,18,22,-2,3,italy,0,0,3.0,1.0,4,0,A,L,0,1
2183,cittadella,perugia,6,8,15,15,25,22,6,7,2,6,4,5,18,20,10,20,8,0,italy,0,0,2.66,0.83,2,2,A,W,3,1
2184,benevento,crotone,7,16,15,15,22,13,6,4,5,3,4,8,22,15,20,20,2,-5,italy,0,4,2.33,1.16,3,0,H,W,3,2
2197,foggia,cremonese,18,11,14,14,9,19,4,5,5,4,7,3,21,12,24,10,-3,2,italy,4,0,3.5,1.16,3,1,A,W,4,0
2204,spezia,lecce,9,3,17,17,25,29,7,4,6,8,5,4,24,29,19,22,5,7,italy,0,0,2.0,0.4,1,1,H,W,1,0
2212,crotone,spezia,17,10,16,16,13,22,3,4,9,6,4,6,15,21,23,19,-8,2,italy,0,0,1.83,1.16,0,3,H,D,0,0
2215,spezia,palermo,9,1,15,15,21,30,6,3,6,8,6,1,20,26,18,12,2,14,italy,0,0,2.8,0.4,1,1,H,D,0,0
2217,salernitana,foggia,12,17,15,15,20,12,5,5,5,5,5,5,18,24,20,25,-2,-1,italy,0,-4,2.16,0.5,1,0,A,L,0,1
2256,juve stabia,siracusa,1,15,18,17,43,15,13,5,0,4,4,9,41,16,9,23,32,-7,italy,3,0,2.16,1.33,1,0,A,W,3,0
2257,arezzo,lucchese,2,20,19,18,33,11,8,9,2,4,10,4,25,29,16,25,9,4,italy,0,0,1.83,0.83,0,0,A,W,1,0
2265,ternana,teramo,7,15,17,18,27,20,7,6,4,4,8,6,25,16,15,21,10,-5,italy,0,0,2.0,1.0,2,1,H,W,2,0
2280,cremonese,carpi,13,16,15,15,19,13,4,7,4,3,4,8,13,14,13,25,0,-11,italy,0,0,2.75,1.25,1,2,A,D,1,1
2296,salernitana,brescia,10,6,13,13,20,21,5,5,3,5,6,2,15,25,14,18,1,7,italy,0,0,3.16,0.66,1,3,H,W,4,2
2317,carrarese,arzachena,3,18,19,19,31,14,9,4,6,5,0,14,43,13,28,32,15,-19,italy,4,0,4.33,2.33,2,0,A,W,5,1
2341,matera,catanzaro,18,5,15,14,7,27,4,3,8,8,3,3,14,19,21,8,-7,11,italy,0,5,2.83,1.33,1,1,H,W,2,1
2342,brescia,lecce,5,2,14,15,24,26,6,6,2,7,5,3,28,25,19,18,9,7,italy,0,0,2.5,1.83,2,1,H,D,2,2
2343,carpi,salernitana,18,10,15,15,11,21,2,5,8,5,6,4,11,16,23,17,-12,-1,italy,0,4,4.4,1.0,3,2,A,W,2,1
2350,pordenone,gubbio,1,14,16,16,32,17,9,5,2,3,8,5,24,14,15,14,9,0,italy,0,0,3.0,1.0,1,0,A,W,3,2
2359,alessandria,novara,15,10,15,14,14,17,2,8,5,3,8,3,11,16,19,13,-8,3,italy,0,0,2.5,1.5,1,1,A,L,1,2
2361,catania,virtus francavilla,5,15,13,13,24,13,7,3,3,4,1,8,19,14,12,23,7,-9,italy,0,0,1.5,0.75,1,0,H,W,1,0
2372,lecce,perugia,2,8,14,13,25,20,7,4,3,6,2,5,25,19,18,19,7,0,italy,0,0,4.0,2.0,0,0,H,L,3,4
2380,alessandria,piacenza,15,4,13,12,13,23,2,7,4,7,2,3,10,22,16,15,-6,7,italy,0,0,2.75,0.5,0,2,H,D,1,1
2388,carpi,lecce,17,2,13,14,10,25,2,4,7,7,4,3,11,25,21,18,-10,7,italy,0,0,2.0,1.0,0,1,A,D,1,1
2417,carpi,livorno,15,18,16,16,16,11,4,4,8,2,5,9,16,12,26,23,-10,-11,italy,4,0,2.75,1.25,1,4,H,W,4,0
2419,pro piacenza,robur siena,1,8,17,16,36,25,11,3,3,6,7,3,29,21,16,17,13,4,italy,0,4,2.2,0.4,0,1,H,L,1,2
2429,giana erminio,pordenone,17,1,17,17,16,35,3,7,7,10,5,2,17,25,23,15,-6,10,italy,0,0,2.66,1.33,1,1,A,L,1,3
2437,crotone,venezia,15,12,15,15,13,20,3,4,8,5,5,5,14,15,19,15,-5,0,italy,0,0,1.0,0.5,1,1,A,D,0,0
2442,casertana,reggina,8,12,15,14,22,17,5,7,3,5,2,7,19,13,14,20,5,-7,italy,0,-4,2.33,1.0,0,1,A,L,1,2
2444,monza,albinoleffe,12,20,16,16,20,12,5,5,6,1,9,6,14,8,16,13,-2,-5,italy,0,0,1.5,1.5,1,1,H,D,1,1
2461,ascoli,cittadella,11,5,14,14,19,24,5,4,5,6,6,2,15,17,15,9,0,8,italy,0,0,3.0,1.16,1,1,H,L,1,2
2462,perugia,spezia,8,9,14,14,21,20,6,3,5,6,2,6,19,19,19,17,0,2,italy,3,0,2.16,1.16,1,1,H,W,3,0
2467,cuneo,pro piacenza,11,2,14,14,18,29,5,6,3,9,2,3,10,27,10,16,0,11,italy,0,0,2.4,0.8,0,0,A,W,1,0
2468,pistoiese,pontedera,18,5,13,15,11,23,2,5,6,6,5,4,15,14,20,12,-5,2,italy,3,-4,2.83,1.83,0,1,H,W,3,0
2469,juve stabia,sicula leonzio,1,10,14,15,35,18,11,3,0,5,3,7,31,11,7,15,24,-4,italy,3,0,1.5,0.5,4,0,H,W,3,0
2470,virtus entella,pro patria,6,11,9,15,22,17,7,1,1,4,5,6,16,15,7,20,9,-5,italy,0,-6,2.66,0.33,0,1,H,D,0,0
2479,trapani,juve stabia,3,1,13,13,26,32,8,3,2,10,3,0,22,29,8,6,14,23,italy,0,4,4.0,2.0,1,2,H,W,3,1
2480,vicenza,teramo,6,14,14,14,23,15,6,5,3,3,6,5,21,13,15,18,6,-5,italy,0,0,2.0,0.0,1,1,A,W,2,1
2481,pordenone,ravenna,1,7,14,14,26,23,7,5,2,6,5,3,20,13,14,10,6,3,italy,0,0,2.0,1.5,2,1,A,L,0,1
2514,arezzo,pro patria,2,11,14,14,25,16,6,7,1,4,4,6,18,14,10,19,8,-5,italy,0,-4,2.6,1.6,1,1,H,D,1,1
2531,rende,paganese,5,19,18,18,31,5,10,2,6,0,5,13,26,17,19,45,7,-28,italy,3,0,3.0,1.33,1,2,A,W,4,1
2532,cuneo,pisa,11,6,19,19,23,30,6,8,5,8,6,5,12,21,14,18,-2,3,italy,0,0,0.75,0.5,0,0,H,D,0,0
2533,novara,pontedera,10,8,19,20,26,28,5,11,3,7,7,6,25,19,17,19,8,0,italy,0,0,0.5,0.5,1,0,H,W,1,0
2534,robur siena,pro piacenza,7,19,17,15,28,13,7,7,3,5,1,9,22,18,17,27,5,-9,italy,0,4,2.2,0.4,1,2,A,W,2,1
2555,virtus francavilla,juve stabia,13,1,16,17,17,42,5,2,9,13,4,0,15,40,24,8,-9,32,italy,0,0,2.4,0.8,1,1,A,L,3,4
2558,carrarese,virtus entella,2,7,18,12,31,26,9,4,5,8,2,2,43,19,26,10,17,9,italy,3,0,2.0,1.0,0,2,A,L,0,3
2559,trapani,catanzaro,2,4,17,16,33,31,10,4,3,9,4,3,28,23,12,10,16,13,italy,0,0,3.25,1.0,2,1,A,W,2,1
2565,bisceglie,virtus francavilla,16,13,16,15,14,16,3,5,8,5,1,9,9,15,20,24,-11,-9,italy,0,0,1.5,0.5,0,0,A,D,0,0
2566,catanzaro,siracusa,4,15,16,16,31,14,9,4,3,4,3,9,22,14,9,21,13,-7,italy,0,0,2.0,0.66,3,1,H,W,1,0
2567,juve stabia,matera,1,18,17,17,42,8,13,4,0,4,4,9,38,15,8,24,30,-9,italy,0,-4,2.16,1.16,4,0,H,W,2,0
2568,paganese,trapani,19,2,17,17,6,31,0,6,11,9,5,3,15,25,40,11,-25,14,italy,3,0,3.66,2.0,1,3,A,L,1,4
2569,olbia,piacenza,17,1,16,16,14,33,3,5,8,10,3,3,16,28,26,16,-10,12,italy,0,0,2.5,1.25,0,1,A,L,0,1
2570,pisa,pro patria,4,10,16,17,28,21,8,4,4,5,6,6,19,16,14,20,5,-4,italy,0,0,3.5,2.0,0,2,A,L,2,4
2571,cuneo,carrarese,11,2,16,17,19,31,5,7,4,9,4,4,10,43,12,24,-2,19,italy,0,0,1.5,1.0,2,0,A,D,1,1
2572,alessandria,pontedera,14,6,17,17,16,26,2,10,5,7,5,5,12,15,20,14,-8,1,italy,4,0,2.75,1.25,1,1,H,W,5,1
2573,pistoiese,arzachena,19,18,15,17,11,14,2,5,8,5,0,12,15,12,22,28,-7,-16,italy,0,0,1.5,0.5,2,0,H,W,1,0
2582,fermana,monza,3,11,18,18,28,24,8,4,6,6,6,6,12,16,13,17,-1,-1,italy,0,0,1.5,0.0,0,1,H,L,0,1
2583,teramo,triestina,15,2,17,17,17,29,3,8,6,8,6,3,14,24,21,13,-7,11,italy,0,0,1.5,1.0,2,0,H,W,1,0
2584,gubbio,sambenedettese,14,11,17,16,17,22,3,8,6,5,7,4,14,14,15,14,-1,0,italy,0,4,3.25,1.25,0,0,H,L,0,2
2620,trapani,rende,3,2,15,16,27,30,8,4,3,10,1,5,24,25,11,17,13,8,italy,0,0,2.5,1.5,1,0,A,W,1,0
2625,renate,sudtirol,18,10,17,17,16,23,4,4,9,5,8,4,11,15,17,12,-6,3,italy,0,-4,0.66,0.5,0,1,A,D,0,0
2634,sicula leonzio,catania,11,5,16,14,18,27,5,3,8,8,3,3,11,20,19,12,-8,8,italy,0,0,1.5,0.5,0,0,H,D,0,0
2646,vicenza,ravenna,8,9,16,16,24,23,6,6,4,6,5,5,22,14,18,13,4,1,italy,0,0,1.5,0.5,1,2,A,L,0,2
2658,albinoleffe,sambenedettese,20,13,15,14,11,18,1,8,6,4,6,4,8,13,13,14,-5,-1,italy,0,0,1.0,0.5,0,0,A,W,1,0
2659,pro piacenza,arezzo,16,3,13,15,12,26,4,1,8,6,8,1,16,19,23,11,-7,8,italy,0,0,2.5,1.5,2,1,H,L,1,2
2660,paganese,matera,19,17,14,14,4,6,0,4,10,4,2,8,13,12,37,19,-24,-7,italy,0,0,2.66,1.33,2,2,H,W,1,0
2661,siracusa,casertana,14,8,14,14,13,21,4,2,8,5,6,3,14,19,19,14,-5,5,italy,0,0,1.8,0.8,0,0,H,L,0,1
2662,monopoli,vibonese,8,7,13,14,21,22,6,5,2,6,4,4,15,15,8,12,7,3,italy,0,0,2.0,0.5,1,0,A,D,2,2
2663,fermana,triestina,7,3,15,15,24,26,7,3,5,7,6,2,11,22,12,12,-1,10,italy,0,0,1.5,0.5,1,0,H,D,0,0
2666,teramo,pordenone,14,1,15,15,16,29,3,7,5,8,5,2,14,22,19,15,-5,7,italy,0,0,3.25,1.5,0,2,H,L,0,1
2673,bisceglie,catania,14,5,15,13,14,24,3,5,7,7,3,3,9,19,19,12,-10,7,italy,0,0,3.5,1.5,1,0,H,D,1,1
2675,carrarese,pistoiese,1,18,14,12,27,11,8,3,3,2,5,5,39,14,20,18,19,-4,italy,5,0,3.0,1.66,2,1,H,W,5,0
2688,monza,giana erminio,10,16,15,15,20,15,5,5,5,3,6,6,14,14,15,19,-1,-5,italy,0,0,2.5,0.75,3,0,H,D,1,1
2689,triestina,gubbio,2,16,14,14,25,13,7,5,2,2,7,5,20,10,10,12,10,-2,italy,0,0,3.0,1.5,2,2,A,D,1,1
2690,renate,fano,18,17,14,14,12,12,3,3,8,2,6,6,10,9,16,14,-6,-5,italy,0,0,2.75,0.25,0,1,H,L,0,1
2691,rimini,albinoleffe,15,19,14,14,15,11,3,6,5,1,8,5,12,6,19,10,-7,-4,italy,0,-4,1.83,0.66,3,2,A,W,2,1
2734,virtus entella,novara,5,9,9,13,20,16,6,2,1,3,7,3,16,14,8,11,8,3,italy,0,4,2.33,1.0,1,1,H,D,1,1
2740,arzachena,robur siena,19,7,14,13,11,18,4,0,10,4,6,3,8,13,22,14,-14,-1,italy,0,0,4.0,2.0,2,1,H,L,1,2
2741,lucchese,olbia,20,10,13,14,6,16,4,5,4,4,4,6,20,16,16,20,4,-4,italy,3,0,2.75,1.25,1,1,H,W,3,0
2742,cuneo,pontedera,9,6,14,14,16,20,4,7,3,5,5,4,10,11,10,11,0,0,italy,0,0,2.5,1.0,0,2,H,L,0,2
2763,inter,sassuolo,4,11,38,38,72,43,20,12,6,11,10,17,66,29,30,59,36,-30,italy,0,5,2.33,1.33,1,2,H,W,1,0
2829,sassuolo,as roma,11,3,38,38,43,77,11,10,17,23,8,7,29,61,59,28,-30,33,italy,0,4,3.16,1.83,0,1,A,D,1,1
2833,fiorentina,cagliari,8,16,38,38,57,39,16,9,13,11,6,21,54,33,46,61,8,-28,italy,0,4,3.16,1.33,0,1,H,L,0,1
2837,udinese,inter,14,4,38,38,40,72,12,4,22,20,12,6,48,66,63,30,-15,36,italy,0,5,4.16,1.83,0,4,H,L,1,3
2839,cagliari,as roma,16,3,38,38,39,77,11,6,21,23,8,7,33,61,61,28,-28,33,italy,0,5,2.5,0.83,0,1,A,L,0,1
2840,lazio,atalanta,5,7,38,38,72,60,21,9,8,16,12,10,89,57,49,39,40,18,italy,0,0,3.83,1.66,1,1,A,D,3,3
2871,atalanta,ac milan,7,6,38,38,60,64,16,12,10,18,10,10,57,56,39,42,18,14,italy,0,0,1.83,1.16,1,1,H,L,0,2
2937,venezia,foggia,5,9,42,42,67,58,17,16,9,16,10,16,56,66,42,68,14,-2,italy,0,0,3.25,1.25,2,1,H,D,2,2
2992,genoa,torino,12,9,38,38,41,54,11,8,19,13,15,10,33,54,43,46,-10,8,italy,0,0,3.5,1.5,1,2,A,D,0,0
2995,salernitana,palermo,12,4,42,42,51,71,11,18,13,18,17,7,51,59,58,39,-7,20,italy,3,0,2.5,1.0,0,2,H,W,3,0
3129,genoa,fiorentina,12,8,38,38,41,57,11,8,19,16,9,13,33,54,43,46,-10,8,italy,0,0,2.16,0.5,2,3,H,L,2,3
3227,ascoli,brescia,18,16,42,42,46,48,11,13,18,11,15,16,40,41,60,52,-20,-11,italy,0,0,1.83,0.83,0,0,A,W,1,0
3263,cremonese,venezia,14,5,42,42,48,67,9,21,12,17,16,9,48,56,47,42,1,14,italy,0,4,2.66,1.5,5,1,H,D,1,1
3638,torino,as roma,10,5,0,0,0,0,0,0,0,0,0,0,0,0,0,0,0,0,italy,3,4,3.5,0.83,0,1,H,W,3,0
3643,napoli,ac milan,4,10,1,0,3,0,1,0,0,0,0,0,2,0,1,0,1,0,italy,0,4,3.0,1.5,3,2,H,D,0,0
3645,sassuolo,inter,4,19,1,1,3,0,1,0,0,0,0,1,1,0,0,1,1,-1,italy,0,5,2.16,1.16,1,0,H,L,1,2
3649,inter,torino,17,16,1,1,0,0,0,0,1,0,0,1,0,0,1,1,-1,-1,italy,0,0,2.33,1.0,2,2,A,L,0,1
3650,juventus,lazio,3,15,1,1,3,0,1,0,0,0,0,1,3,1,2,2,1,-1,italy,0,4,2.33,1.0,2,0,H,L,0,1
3651,fiorentina,chievo,10,13,0,1,0,0,0,0,0,0,0,1,0,2,0,3,0,-1,italy,0,4,1.5,0.83,6,1,A,L,0,1
3682,genoa,empoli,11,4,0,1,0,3,0,0,0,1,0,0,0,2,0,0,0,2,italy,0,0,1.33,0.33,2,1,A,W,2,0
3720,palermo,cremonese,13,12,1,1,1,1,0,1,0,0,1,0,0,1,0,1,0,0,italy,0,0,3.0,1.5,2,2,H,D,1,1
3725,udinese,sampdoria,9,12,1,0,1,0,0,1,0,0,0,0,2,0,2,0,0,0,italy,0,0,2.0,0.66,1,0,A,L,1,2
4038,salernitana,palermo,17,16,0,0,0,0,0,0,0,0,0,0,0,0,0,0,0,0,italy,0,0,2.4,1.0,0,0,A,W,2,0
4039,venezia,spezia,18,13,0,0,0,0,0,0,0,0,0,0,0,0,0,0,0,0,italy,0,0,1.0,0.5,1,0,H,D,1,1
4169,juventus,napoli,1,2,6,6,18,15,6,0,0,5,0,1,13,12,4,7,9,5,italy,0,0,2.66,0.66,3,1,H,L,0,1
4171,juventus,bologna,1,18,6,6,18,4,6,0,0,1,1,4,13,2,4,7,9,-5,italy,0,5,2.5,1.16,2,0,H,W,2,0
4177,sampdoria,napoli,18,2,1,2,0,6,0,0,1,2,0,0,0,5,1,3,-1,2,italy,0,5,4.33,2.16,3,0,A,W,2,0
4181,empoli,ac milan,17,14,6,5,5,6,1,2,3,1,3,1,5,8,7,8,-2,0,italy,0,0,3.16,1.5,1,1,H,D,1,1
4182,napoli,parma,2,12,6,6,15,7,5,0,1,2,1,3,12,6,7,8,5,-2,italy,3,0,2.33,1.16,3,0,H,W,3,0
4186,spal,sassuolo,8,3,6,6,9,13,3,0,3,4,1,1,4,14,6,8,-2,6,italy,0,0,1.66,1.0,0,2,H,L,0,2
4187,ac milan,atalanta,16,15,3,4,4,4,1,1,1,1,1,2,5,7,5,6,0,1,italy,0,-4,1.5,0.66,2,2,A,D,1,1
4189,as roma,chievo,9,20,3,3,4,-2,1,1,1,0,1,2,5,3,5,9,0,-6,italy,3,4,4.33,2.16,2,2,H,W,4,1
4192,inter,parma,7,17,3,3,4,1,1,1,1,0,1,2,5,3,3,5,2,-2,italy,0,0,2.33,1.0,0,1,H,D,1,1
4196,frosinone,juventus,19,1,4,4,1,12,0,1,3,4,0,0,0,9,10,4,-10,5,italy,0,0,1.75,0.0,0,2,H,L,0,2
4200,bologna,inter,15,13,2,2,1,1,0,1,1,0,1,1,0,2,1,3,-1,-1,italy,0,4,2.66,1.33,0,3,H,W,2,1
4203,as roma,frosinone,10,19,6,6,8,1,2,2,2,0,1,5,11,0,9,16,2,-16,italy,4,0,3.33,2.0,4,0,H,W,4,0
4204,inter,fiorentina,9,3,5,5,7,10,2,1,2,3,1,1,6,11,4,3,2,8,italy,0,0,4.66,2.16,2,1,A,D,1,1
4206,sassuolo,empoli,6,16,4,4,7,4,2,1,1,1,1,2,9,3,7,3,2,0,italy,0,4,3.5,1.33,3,1,A,W,3,1
4214,lazio,genoa,10,9,4,3,6,6,2,0,2,2,0,1,3,6,4,6,-1,0,italy,0,0,3.66,1.33,4,1,H,L,1,2
4219,sassuolo,ac milan,4,15,6,5,13,6,4,1,1,1,3,1,14,8,8,8,6,0,italy,0,4,2.83,1.0,1,4,A,D,1,1
4223,bologna,as roma,18,11,4,4,1,5,0,1,3,1,2,1,0,7,5,7,-5,0,italy,0,0,2.5,1.16,2,0,H,D,1,1
4231,napoli,fiorentina,5,3,3,2,6,6,2,0,1,2,0,0,5,7,6,1,-1,6,italy,3,0,2.83,1.0,1,0,H,L,0,3
4239,torino,napoli,12,4,4,4,5,9,1,2,1,3,0,1,4,6,4,6,0,0,italy,0,5,4.5,2.16,1,3,H,D,2,2
4241,sampdoria,inter,5,14,4,4,7,4,2,1,1,1,1,2,9,5,2,4,7,1,italy,5,0,3.33,1.5,0,1,H,L,0,5
4242,fiorentina,udinese,5,4,2,3,4,5,1,1,0,1,2,0,6,3,1,2,5,1,italy,0,4,3.0,1.5,1,0,H,L,0,2
4249,fiorentina,spal,2,5,5,5,10,9,3,1,1,3,0,2,11,4,3,4,8,0,italy,0,0,1.0,0.5,3,0,H,D,0,0
4253,fiorentina,atalanta,3,16,7,7,13,6,4,1,2,1,3,3,14,9,5,10,9,-1,italy,0,-4,1.83,0.5,2,0,H,W,2,0
4258,sampdoria,fiorentina,5,6,3,3,6,6,2,0,1,2,0,1,8,7,1,2,7,5,italy,0,0,3.33,1.5,1,1,H,W,3,1
4259,frosinone,sampdoria,19,13,3,2,1,3,0,1,2,1,0,1,0,3,5,1,-5,2,italy,0,0,2.0,0.5,0,5,H,L,0,2
4265,atalanta,torino,13,14,6,6,6,6,1,3,2,1,3,2,9,5,8,7,1,-2,italy,0,0,2.16,0.5,0,0,H,D,0,0
4266,chievo,udinese,20,13,4,4,-1,5,0,2,2,1,2,1,5,4,11,4,-6,0,italy,0,0,2.16,1.16,0,2,H,D,1,1
4269,torino,spal,13,3,2,2,1,6,0,1,1,2,0,0,2,2,3,0,-1,2,italy,0,0,3.5,2.0,1,0,A,L,1,2
4272,parma,empoli,12,17,6,6,7,5,2,1,3,1,2,3,6,5,8,7,-2,-2,italy,4,0,3.16,1.83,1,0,A,L,0,4
4274,frosinone,genoa,19,8,6,5,1,9,0,1,5,3,0,2,0,9,16,10,-16,-1,italy,4,0,3.75,2.5,1,2,A,L,0,4
4280,genoa,chievo,8,20,5,6,9,-1,3,0,2,0,2,4,9,5,10,15,-1,-10,italy,0,0,1.5,0.33,2,0,H,W,2,0
4292,cagliari,sampdoria,15,9,6,6,6,8,1,3,2,2,2,2,4,9,7,3,-3,6,italy,0,0,2.83,1.5,0,0,H,D,0,0
4296,genoa,bologna,16,18,2,3,3,1,1,0,1,0,1,2,5,0,6,4,-1,-4,italy,0,4,1.5,0.16,1,0,H,L,0,2
4308,chievo,torino,20,15,6,6,-1,6,0,2,4,1,3,2,5,5,15,7,-10,-2,italy,0,0,2.16,1.0,0,1,H,D,0,0
4309,bologna,udinese,18,10,6,6,4,8,1,1,4,2,2,2,2,7,7,6,-5,1,italy,0,4,2.16,1.0,2,1,A,L,0,1
4318,parma,cagliari,16,12,4,4,4,5,1,1,2,1,2,1,4,4,5,5,-1,-1,italy,4,0,1.5,0.83,2,0,A,L,0,4
4319,udinese,torino,12,11,3,3,4,4,1,1,1,1,1,1,3,3,3,3,0,0,italy,0,0,3.66,1.16,1,1,H,L,0,2
4382,benevento,foggia,3,19,5,6,10,1,3,1,1,3,0,3,12,11,8,11,4,0,italy,0,0,2.16,1.0,1,3,A,D,1,1
4421,sassuolo,genoa,7,11,2,1,4,3,1,1,0,1,0,0,3,2,2,1,1,1,italy,0,0,1.33,0.33,5,3,H,W,1,0
4432,crotone,brescia,9,8,5,5,6,6,2,0,3,1,3,1,7,7,8,7,-1,0,italy,3,0,2.5,1.33,2,2,A,L,0,3
4463,perugia,ascoli,4,15,2,2,4,1,1,1,0,0,1,1,2,1,1,2,1,-1,italy,0,0,2.0,0.66,2,0,H,D,2,2
4486,padova,cremonese,13,8,3,3,4,5,1,1,1,1,2,0,2,5,4,3,-2,2,italy,0,0,3.33,1.5,1,1,H,W,2,1
4503,livorno,crotone,17,11,1,2,0,3,0,0,1,1,0,1,1,4,2,4,-1,0,italy,0,4,1.5,0.66,0,1,H,L,0,1
4567,palermo,perugia,7,9,3,2,5,4,1,2,0,1,1,0,4,3,3,1,1,2,italy,0,0,1.0,0.0,4,1,A,L,0,1
4635,ascoli,cremonese,12,5,4,5,5,9,1,2,1,2,3,0,3,8,4,4,-1,4,italy,0,0,1.5,1.0,0,0,A,W,2,1
4649,spezia,carpi,11,15,5,5,6,4,2,0,3,1,1,3,5,5,7,10,-2,-5,italy,0,5,1.5,0.5,2,1,A,L,1,2
4650,lecce,cittadella,2,6,6,6,11,9,3,2,1,3,0,3,11,6,7,3,4,3,italy,4,0,4.5,2.5,1,1,H,L,1,5
4656,juventus u19,milan u19,1,16,3,3,9,0,3,0,0,0,0,3,7,4,3,12,4,-8,italy,0,0,0.5,0.0,4,3,H,D,0,0
4662,lucchese,carrarese,5,1,3,3,4,7,1,1,1,2,1,0,6,11,5,3,1,8,italy,0,0,4.0,1.83,2,2,H,D,2,2
4666,foggia,padova,19,13,4,4,-5,5,1,0,3,1,2,1,6,3,9,5,-3,-2,italy,0,0,2.0,0.0,2,1,H,D,1,1
4668,cittadella,benevento,5,3,5,4,9,10,3,0,2,3,1,0,6,11,2,5,4,6,italy,0,0,2.25,1.5,0,1,H,L,0,1
4696,crotone,hellas verona,4,2,3,3,6,7,2,0,1,2,1,0,5,8,4,2,1,6,italy,3,0,3.5,1.5,1,2,A,W,3,0
4736,brescia,pescara,14,5,2,2,1,4,0,1,1,1,1,0,3,3,4,2,-1,1,italy,0,4,3.33,1.83,1,1,H,W,2,1
4773,spezia,brescia,16,12,1,1,0,1,0,0,1,0,1,0,0,1,1,1,-1,0,italy,0,0,2.0,0.83,3,2,H,L,0,1
4774,carpi,cittadella,17,2,1,1,0,3,0,0,1,1,0,0,2,3,4,0,-2,3,italy,0,4,2.33,1.66,0,1,H,D,1,1
